{"accuracy": 0.8666666666666667, "Precision": 0.8947368421052632, "Recall": 0.9550561797752809}